<?xml version="1.0" encoding="UTF-8"?>
<metadata xml:lang="en"><Esri><CreaDate>20220120</CreaDate><CreaTime>11543200</CreaTime><ArcGISFormat>1.0</ArcGISFormat><SyncOnce>TRUE</SyncOnce><DataProperties><lineage><Process ToolSource="c:\program files (x86)\arcgis\desktop10.5\ArcToolbox\Toolboxes\Spatial Analyst Tools.tbx\SetNull" Date="20220120" Time="115432">SetNull Lbaringo2020clipped1.tif Lbaringo2020clipped1.tif D:\projects\lakeBaringo\landcover\revised_cleaned\LC2020.tif ""Value" &lt;= 0"</Process></lineage></DataProperties></Esri></metadata>
