<?xml version="1.0" encoding="UTF-8"?>
<metadata xml:lang="en"><Esri><CreaDate>20220120</CreaDate><CreaTime>11521900</CreaTime><ArcGISFormat>1.0</ArcGISFormat><SyncOnce>TRUE</SyncOnce><DataProperties><lineage><Process ToolSource="c:\program files (x86)\arcgis\desktop10.5\ArcToolbox\Toolboxes\Spatial Analyst Tools.tbx\SetNull" Date="20220120" Time="115219">SetNull Lbaringo2005clipped1.tif Lbaringo2005clipped1.tif D:\projects\lakeBaringo\landcover\revised_cleaned\LC2005.tif ""Value" &lt;= 0"</Process></lineage></DataProperties></Esri></metadata>
