<PAMDataset>
  <Metadata>
    <MDI key="DataType">Generic</MDI>
  </Metadata>
  <Metadata domain="Esri">
    <MDI key="PyramidResamplingType">NEAREST</MDI>
  </Metadata>
  <PAMRasterBand band="1">
    <Histograms>
      <HistItem>
        <HistMin>0.186175525188446</HistMin>
        <HistMax>2239.961181640625</HistMax>
        <BucketCount>256</BucketCount>
        <IncludeOutOfRange>1</IncludeOutOfRange>
        <Approximate>0</Approximate>
        <HistCounts>1194|1568|774|655|554|447|366|311|271|214|157|126|140|108|95|83|81|58|53|54|49|27|35|24|24|18|20|15|11|7|7|7|8|7|7|6|9|5|5|6|3|5|4|3|1|4|2|4|2|3|7|0|3|3|2|2|2|1|2|3|1|1|0|0|0|1|0|0|1|3|2|0|2|1|0|1|4|0|2|2|1|0|0|1|0|1|0|0|0|0|0|1|0|0|0|1|1|0|0|1|0|1|0|2|0|0|0|0|0|0|1|0|0|0|0|0|0|1|0|0|0|0|0|0|0|1|0|0|0|0|0|0|0|0|0|1|0|1|0|1|0|0|0|0|0|0|1|1|1|0|0|0|0|0|1|0|0|0|0|0|1|0|0|1|0|0|0|0|0|0|0|0|0|1|0|0|0|0|0|0|0|0|0|0|0|0|0|0|0|0|0|0|0|0|0|0|0|0|0|0|0|0|0|0|0|0|0|0|0|1|0|0|0|0|0|0|0|0|0|0|0|0|0|0|0|0|0|0|0|0|0|1|0|0|0|0|0|0|1|0|0|0|0|0|0|0|0|0|0|0|0|0|0|0|0|1</HistCounts>
      </HistItem>
    </Histograms>
    <Metadata>
      <MDI key="RepresentationType">ATHEMATIC</MDI>
      <MDI key="STATISTICS_COVARIANCES">10178.91738282958</MDI>
      <MDI key="STATISTICS_MAXIMUM">2239.9611816406</MDI>
      <MDI key="STATISTICS_MEAN">57.456838010598</MDI>
      <MDI key="STATISTICS_MINIMUM">0.18617552518845</MDI>
      <MDI key="STATISTICS_SKIPFACTORX">1</MDI>
      <MDI key="STATISTICS_SKIPFACTORY">1</MDI>
      <MDI key="STATISTICS_STDDEV">100.89062088633</MDI>
    </Metadata>
  </PAMRasterBand>
</PAMDataset>
