<PAMDataset>
  <Metadata>
    <MDI key="DataType">Generic</MDI>
  </Metadata>
  <Metadata domain="Esri">
    <MDI key="PyramidResamplingType">NEAREST</MDI>
  </Metadata>
  <PAMRasterBand band="1">
    <Histograms>
      <HistItem>
        <HistMin>0.179569348692894</HistMin>
        <HistMax>4894.62744140625</HistMax>
        <BucketCount>256</BucketCount>
        <IncludeOutOfRange>1</IncludeOutOfRange>
        <Approximate>0</Approximate>
        <HistCounts>2367|1645|909|570|441|312|257|205|195|123|115|79|58|54|54|36|20|25|20|21|20|13|11|16|10|6|8|15|6|3|8|4|6|1|2|1|1|3|2|1|3|2|2|2|0|0|0|2|0|6|2|2|2|3|1|1|1|2|0|1|3|1|2|0|1|0|0|1|1|1|0|3|0|0|1|0|1|1|1|0|0|0|0|0|0|0|1|0|0|0|1|0|1|0|0|0|0|0|0|0|0|0|0|1|0|0|0|1|0|0|0|1|0|0|0|0|0|0|1|0|0|0|0|0|0|0|0|0|1|0|0|0|1|0|0|0|0|0|0|0|0|0|0|0|0|0|0|1|1|0|0|0|0|0|0|0|1|0|0|0|0|0|0|0|0|0|0|0|0|1|0|0|0|0|0|1|0|0|1|1|0|0|0|0|0|0|0|0|0|0|0|0|0|1|0|0|0|0|0|0|0|0|0|0|0|0|0|0|0|0|0|0|0|0|0|0|0|0|0|0|0|0|0|0|0|0|0|0|0|0|0|0|0|0|0|0|0|0|0|0|0|0|0|0|0|0|0|0|0|0|0|0|0|0|0|1</HistCounts>
      </HistItem>
    </Histograms>
    <Metadata>
      <MDI key="RepresentationType">ATHEMATIC</MDI>
      <MDI key="STATISTICS_COVARIANCES">32818.89125182463</MDI>
      <MDI key="STATISTICS_MAXIMUM">4894.6274414063</MDI>
      <MDI key="STATISTICS_MEAN">82.166995359219</MDI>
      <MDI key="STATISTICS_MINIMUM">0.17956934869289</MDI>
      <MDI key="STATISTICS_SKIPFACTORX">1</MDI>
      <MDI key="STATISTICS_SKIPFACTORY">1</MDI>
      <MDI key="STATISTICS_STDDEV">181.15984999945</MDI>
    </Metadata>
  </PAMRasterBand>
</PAMDataset>
