<PAMDataset>
  <Metadata>
    <MDI key="DataType">Generic</MDI>
  </Metadata>
  <Metadata domain="Esri">
    <MDI key="PyramidResamplingType">NEAREST</MDI>
  </Metadata>
  <PAMRasterBand band="1">
    <Histograms>
      <HistItem>
        <HistMin>0.2430833280086517</HistMin>
        <HistMax>5994.314453125</HistMax>
        <BucketCount>256</BucketCount>
        <IncludeOutOfRange>1</IncludeOutOfRange>
        <Approximate>0</Approximate>
        <HistCounts>2324|1555|966|652|464|348|250|219|179|124|108|76|62|56|48|29|31|26|20|26|5|8|10|3|6|8|10|7|4|4|3|7|5|2|1|2|1|0|1|1|1|2|0|1|1|1|2|1|0|2|3|1|4|1|0|5|0|0|3|0|0|3|0|0|2|1|0|0|2|1|1|0|0|1|0|0|0|1|0|0|0|1|0|0|0|0|0|0|0|1|1|0|0|1|0|0|0|0|0|0|0|0|0|0|0|1|0|0|0|0|0|0|0|0|1|0|0|0|0|0|1|1|0|0|0|0|0|0|1|0|0|1|0|0|0|0|0|0|0|0|0|1|1|0|0|0|0|0|0|0|0|0|0|0|0|0|0|0|0|0|1|1|0|0|0|0|0|0|0|1|0|0|0|0|0|0|0|0|0|1|0|0|1|0|0|0|0|0|0|0|0|0|0|0|0|1|0|0|0|0|0|0|0|0|0|0|0|0|0|0|0|0|0|0|0|0|0|0|0|0|0|0|0|0|0|0|0|0|0|0|0|0|0|0|0|0|0|0|0|0|0|0|0|0|0|0|0|0|0|0|0|0|0|0|0|1</HistCounts>
      </HistItem>
    </Histograms>
    <Metadata>
      <MDI key="RepresentationType">ATHEMATIC</MDI>
      <MDI key="STATISTICS_COVARIANCES">46265.0640173543</MDI>
      <MDI key="STATISTICS_MAXIMUM">5994.314453125</MDI>
      <MDI key="STATISTICS_MEAN">97.710906400364</MDI>
      <MDI key="STATISTICS_MINIMUM">0.24308332800865</MDI>
      <MDI key="STATISTICS_SKIPFACTORX">1</MDI>
      <MDI key="STATISTICS_SKIPFACTORY">1</MDI>
      <MDI key="STATISTICS_STDDEV">215.09315195365</MDI>
    </Metadata>
  </PAMRasterBand>
</PAMDataset>
